PID,UR,AltUR,AltIHI,Alias,Merged,Deleted,IHI,familyName,givenName,birthdate,sex,streetNo,streetName,shortStreetType,suburb,state,postcode,country,sa1,meshblock,longitude,latitude,mobile,homePhone,businessPhone,email,medicareNo,dvaNo,dvaType,height,weight,waist,hips,married,race,deathDate
20000,10000,,,,,,,BAKERRS,ALISONST,1969-10-04,F,10,SHOOBRIDGE,ST,MILLNER,NT,0810,AUS,70102102302,70010090000,130.85743197,-12.39434435,0491570158,0755505496,0770100219,alisonst.bakerrs@his4ehr.com,54248613771,SSS77761D,WHT,167,52.6,56,64,M,4,
20001,10005,,,,,,,TICKNEROP,ANTONINAST,1956-10-07,F,44,SHRIKE,LANE,HUMPTY DOO,NT,0836,AUS,70103103209,70020770000,131.12330071,-12.57198981,0491570156,0755500352,0770104272,antoninast.ticknerop@his4ehr.com,59888609755,,,159,80.3,84,99,S,4,
20002,10010,,,,,,,BAKERNO,VERLENEJK,1995-09-28,F,18,DULVERTON,CT,KARAMA,NT,0812,AUS,70102101906,70008070000,130.91302151,-12.40291476,0491570110,0755504378,0770106840,verlenejk.bakerno@his4ehr.com,57227899354,,,165,97.4,113,174,S,4,
20003,10014,,,,,,,TSANGUV,BILLLM,1995-09-28,M,18,ANNEAR,CT,STUART PARK,NT,0820,AUS,70101100809,70016410700,130.85017587,-12.44742783,0491570110,0755505590,0770101402,billlm.tsanguv@his4ehr.com,56053704852,,,182,74.8,92,86,M,4,
20004,10019,,,,,,,WILLIAMSDE,JOHNYZ,2000-09-26,M,9,LAIDLAW,CT,BAYVIEW,NT,0820,AUS,70101100901,70016397500,130.85282439,-12.4375539,0491570159,0755500937,0770103591,johnyz.williamsde@his4ehr.com,59962863463,SGW51336A,ORN,175,88.6,110,102,M,4,
20005,10024,,,,,,,BOYESQR,MARYBC,2007-09-25,F,10,MIDDLE,ST,AMPILATWATJA,NT,0872,AUS,70201105209,70016403000,135.22488742,-21.65764751,0491570159,0755503421,0770105615,marybc.boyesqr@his4ehr.com,55269996125,,,152,60.1,76,91,S,1,2022-05-01
20006,10029,,,,,,,SUSAKST,RACHELLEAB,1977-10-02,F,47,PROVIDENCE,CCT,NHULUNBUY,NT,0880,AUS,70204106410,70022070000,136.77895708,-12.17791854,0491570157,0755504046,0770104390,rachelleab.susakst@his4ehr.com,50684061433,,,164,104.8,111,220,S,4,2019-12-17
20007,10033,,8003609903579249,,,,8003609903579249,TOZERVW,GIADE,1960-10-06,F,71,MALAK,CR,MALAK,NT,0812,AUS,70102102204,70009360000,130.90224365,-12.389681,0491570110,0755501095,0770109207,giade.tozervw@his4ehr.com,53473561432,,,166,63.3,69,84,S,4,
20008,10038,,,,,,,STIGST,LONNIEPQ,1939-10-12,M,14,FRANCIS,ST,MILLNER,NT,0810,AUS,70102102303,70010060000,130.86082989,-12.38937089,0491570156,0755507343,0770107212,lonniepq.stigst@his4ehr.com,55727538235,,,170,87.1,91,96,S,4,
20009,10042,,,,,,,WHITMOREEF,FRANKLINFG,1945-10-10,M,3,MEYERS,ST,TENNANT CREEK,NT,0860,AUS,70202105615,70031820000,134.19230566,-19.65753489,0491570159,0755507822,0770105647,franklinfg.whitmoreef@his4ehr.com,55418719425,,,169,81.0,84,96,D,4,
20010,10046,305260,,,,,8003609903590204,FOREHANHI,ELIZABETHAB,1958-10-07,F,590,THORNGATE,RD,HOLTZE,NT,0829,AUS,70103103107,70019632000,130.98307496,-12.44597551,0491570159,0755507347,0770106433,elizabethab.forehanhi@his4ehr.com,59056727144,,,162,58,65,85,M,4,
20011,10050,302331,,,,,8003609903584140,FRANKENFELDBC,SHARONGH,1969-10-04,F,119,LEVEY,RD,VIRGINIA,NT,0834,AUS,70103103403,70020450000,131.0325686,-12.56575487,0491570157,0755504093,0770104648,sharongh.frankenfeldbc@his4ehr.com,56057157611,,,164,97,95,117,S,4,
20012,10055,,,,,,,DIXONYZ,GARYQR,1978-10-02,M,100,ABALA,RD,MARRARA,NT,0812,AUS,70102102207,70009720000,130.88827221,-12.39868973,0491570156,0755507956,0770109461,garyqr.dixonyz@his4ehr.com,59709958465,,,181,100.7,107,104,M,4,
20013,10059,,,10014,,,,TSANGUV,STEVEN,1995-09-28,M,18,ANNEAR,CT,STUART PARK,NT,0820,AUS,70104103702,70023140000,130.85017587,-12.44742783,0491570159,0755509838,0770101614,lauraij.brodietu@his4ehr.com,56053704852,,,181,75,88,80,M,4,
20014,10064,308288,,,,,8003609903596565,GIUSTRADE,AMANDAQR,1968-10-04,F,17,SHACKLE,ST,ANULA,NT,0812,AUS,70102101912,70007870000,130.88413369,-12.39318394,0491570157,0755501450,0770109460,amandaqr.giustrade@his4ehr.com,52371679472,,,168,87,97,112,M,4,
20015,10069,,,,,,,WARDRS,LAWRENCEIJ,1997-09-27,M,282,CASUARINA,DR,RAPID CREEK,NT,0810,AUS,70102102612,70011870000,130.85156864,-12.37635504,0491570159,0755507197,0770108710,lawrenceij.wardrs@his4ehr.com,56217596572,,,174,74.2,89,100,D,4,
20016,10073,306422,,,,,8003609903592655,NEWBOLDIJ,NICHOLASQR,1948-10-09,M,40,MALONEY,ST,TENNANT CREEK,NT,0860,AUS,70101100505,70008480000,134.18453397,-19.64950909,0491570156,0755500688,0770100327,nicholasqr.newboldij@his4ehr.com,58741519855,,,167,99,90,93,M,4,
20017,10078,303884,,,,,8003609903587309,KNIPEUV,PAMELAPQ,1956-10-07,F,7,TIPPERARY,CT,STUART PARK,NT,0820,AUS,70205106717,70018690000,130.8503129,-12.4490905,0491570159,0755503572,0770106318,pamelapq.knipeuv@his4ehr.com,50361730353,,,158,59,61,78,S,4,
20018,10083,309946,,,,,8003609903600011,BROWNMN,JACKIEMN,1943-10-11,F,12,MALLAM,CR,SADADEEN,NT,0870,AUS,70201104611,70002380000,133.90359077,-23.69803672,0491570157,0755503150,0770108567,jackiemn.brownmn@his4ehr.com,57275571122,,,154,89,93,139,M,4,
20019,10087,302374,,,,,8003609903584249,WEBBMN,THOMASEF,1946-10-10,M,63,BYRNE,CCT,MOIL,NT,0810,AUS,70103103111,70021580000,130.88081971,-12.39221412,0491570156,0755508726,0770102453,thomasef.webbmn@his4ehr.com,58534259734,,,169,83,77,95,M,4,1948-11-29
20020,10091,301879,,,,,8003609903583183,DONNELLYKL,TONIYZ,1948-10-09,F,28,HERON,CR,KATHERINE,NT,0850,AUS,70203105807,73844000000,132.27091199,-14.4528863,0491570157,0755509815,0770100925,toniyz.donnellykl@his4ehr.com,52992150561,,,156,91,90,124,M,4,
20021,10096,303151,,,,,8003609903585832,EDMISTONST,GENEEF,1949-10-09,M,25,HORSNELL,RD,NOONAMAH,NT,0837,AUS,70102102403,70010240000,131.11288479,-12.66881872,0491570159,0755506943,0770105897,geneef.edmistonst@his4ehr.com,56047714054,,,177,99,96,113,M,4,
20022,10101,307280,8003609903579280,,,,8003609903594446,QUAYLEQR,DEANDREUV,1969-10-04,M,40,CAVENAGH,CR,EAST SIDE,NT,0870,AUS,70205106705,70019090000,133.89373006,-23.68768352,0491570159,0755508637,0770103959,deandreuv.quayleqr@his4ehr.com,55474473331,,,170,96,100,113,S,4,
20023,10105,305432,,,,,8003609903590543,RINGNO,PABLOBC,1965-10-05,M,30,LATRAM,CT,GUNN,NT,0832,AUS,70205106601,70003530000,130.99886681,-12.48857167,0491570156,0755502831,0770108138,pablobc.ringno@his4ehr.com,57366893115,SP840554A,ORN,182,76,84,96,M,4,
20024,10109,303495,8003609903579314,,,,8003609903586517,KELLYTU,LUTHERMN,1945-10-09,M,234,DANIEL,CCT,HERBERT,NT,0836,AUS,70102101802,70007550000,131.16243146,-12.53518849,0491570157,0755503755,0770103089,luthermn.kellytu@his4ehr.com,56309435145,,,177,80,89,94,M,4,
20025,10113,,,,,,,NAZZARIBC,DARRYLST,1943-10-11,M,2,WARREGO,CT,LARRAKEYAH,NT,0820,AUS,70101100508,70016418100,130.83198102,-12.45282882,0491570159,0755502245,0770104394,darrylst.nazzaribc@his4ehr.com,54091739244,,,171,74.6,79,83,M,4,
20026,10118,,,,,,,KHREIMOP,MICHAELBC,2006-09-25,M,9,DORNOCH,CT,MARRARA,NT,0812,AUS,70102102202,70009680000,130.89906871,-12.39718312,0491570157,0755504424,0770104502,michaelbc.khreimop@his4ehr.com,58963491324,,,169,55.4,73,89,S,4,
20027,10122,303108,8003609903579348,,,,8003609903585741,WATTSDE,GEORGIANNAUV,1964-10-05,F,18,STANDLEY,ST,TENNANT CREEK,NT,0860,AUS,70103103401,70020590000,134.18570343,-19.65424437,0491570110,0755507107,0770100406,georgiannauv.wattsde@his4ehr.com,52519831845,,,168,102,106,140,S,4,
20028,10126,301772,,,,,8003609903582953,PINTERKL,ROSEMARYDE,1954-09-07,F,19,ZEIL,ST,ARALUEN,NT,0870,AUS,70102101208,70014300000,133.84525677,-23.700252,0491570110,0755508994,0770102943,rosemaryde.pinterkl@his4ehr.com,55041914754,,,152,55,59,94,M,4,
20029,10130,307171,8003609903579389,,,,8003609903594214,TICKNERHI,JASONPQ,1962-10-06,M,145,UNDOOLYA,RD,EAST SIDE,NT,0870,AUS,70102102803,70013260000,133.90660782,-23.69020487,0491570110,0755507660,0770101420,jasonpq.ticknerhi@his4ehr.com,55629057755,,,174,89,83,119,M,4,
20030,10134,305647,,,,,8003609903590980,HAMILLQR,FRANKOP,1961-10-06,M,36,DAMIRRINDA,ST,LYONS,NT,0810,AUS,70104104216,73841000000,130.89035812,-12.35238954,0491570159,0755503933,0770106997,frankop.hamillqr@his4ehr.com,56766610712,,,175,66,69,95,M,4,
20031,10139,,,,,,,CAMPBELLCD,SELENAEF,2014-09-23,F,6,DICKINSON,ST,MILLNER,NT,0810,AUS,70102102302,70009930000,130.86251273,-12.39302398,0491570159,0755508159,0770101006,selenaef.campbellcd@his4ehr.com,57150713354,,,117,39.7,64,112,S,4,
20032,10143,304982,,,,,8003609903589602,BURTONJK,TYRONEIJ,1954-10-08,M,15,MUSGRAVE,CR,COCONUT GROVE,NT,0810,AUS,70102102601,70011900000,130.85296147,-12.39225546,0491570158,0755506445,0770105683,tyroneij.burtonjk@his4ehr.com,51554433232,SX631851B,GOL,170,82,91,113,S,4,
20033,10148,307106,,,,,8003609903594073,PEELWX,VIRGINIACD,1976-10-02,F,7,CHARLOTTE,ST,FANNIE BAY,NT,0820,AUS,70102102402,70010150000,130.83969224,-12.43484472,0491570158,0755509786,0770100669,virginiacd.peelwx@his4ehr.com,50248630233,,,167,57,62,99,S,4,
20034,10153,,,,,,,HENKEJK,MILDREDFG,1939-10-12,F,21,FALCO,CT,ZUCCOLI,NT,0832,AUS,70104104217,73798000000,131.00930145,-12.50173741,0491570158,0755507139,0770109745,mildredfg.henkejk@his4ehr.com,58789933453,,,162,85.4,95,155,M,4,
20035,10158,304810,,,,,8003609903589230,DUFFYST,MAEOP,1960-10-06,F,238,DORAT,RD,ROBIN FALLS,NT,0822,AUS,70102102003,70008920000,131.11168037,-13.27293605,0491570110,0755501219,0770100348,maeop.duffyst@his4ehr.com,55120318313,,,150,66,79,96,M,4,
20036,10162,,,,,,,BARROSTU,KARENKL,1967-10-05,F,29,DICK WARD,DR,LUDMILLA,NT,0820,AUS,70101100604,70009190000,130.84906741,-12.41798478,0491570158,0755502746,0770102591,karenkl.barrostu@his4ehr.com,56198982061,,,169,76.5,83,108,W,4,
20037,10167,,8003609903579421,,,,8003609903579421,ROSSFG,LEONCD,1986-09-30,M,10,GARDENIA,ST,NIGHTCLIFF,NT,0810,AUS,70102102502,70016426700,130.85302583,-12.38609612,0491570156,0755506532,0770104670,leoncd.rossfg@his4ehr.com,59682849155,,,180,80.7,91,103,M,4,
20038,10171,,,,,,,ERCEGOP,DEXTERWX,1985-09-30,M,10,PALMER,ST,TI TREE,NT,0872,AUS,70201105406,70003240000,133.41887132,-22.12945995,0491570156,0755502561,0770108322,dexterwx.ercegop@his4ehr.com,55510800874,,,180,72.9,81,98,M,4,1998-09-15
20039,10175,,,,,,,BASTERFIELDKL,DONALDCD,1983-10-01,M,9A,TIPPERARY,CT,STUART PARK,NT,0820,AUS,70101100809,70012470000,130.85044588,-12.44922789,0491570158,0755508199,0770109825,donaldcd.basterfieldkl@his4ehr.com,58763224163,SSM61025B,ORN,171,79.9,83,88,S,4,
20040,10180,,8003609903579454,,,,8003609903579454,JOHNSTONLM,GARYWX,1980-10-01,M,123,BUCHANAN,HWY,TOP SPRINGS,NT,0852,AUS,70205106812,70033290000,131.79799455,-16.54654159,0491570159,0755505731,0770102041,garywx.johnstonlm@his4ehr.com,54954188054,,,173,76.4,79,80,M,4,
20041,10184,301663,,,,,8003609903582722,BEVERIDGETU,ERNESTMN,1947-10-10,M,4,PHOENIX,CCT,DURACK,NT,0830,AUS,70103103210,73820000000,130.96669946,-12.47050142,0491570157,0755508179,0770104442,ernestmn.beveridgetu@his4ehr.com,54492656573,,,177,82,98,115,M,4,
20042,10189,309621,,,,,8003609903599361,GARVEYEF,LEONARDOP,1942-10-11,M,3,BROWN,ST,ALI CURUNG,NT,0872,AUS,70104104110,70023822000,134.40841319,-21.00385719,0491570157,0755502646,0770101562,leonardop.garveyef@his4ehr.com,58729063443,,,173,78,81,107,M,4,
20043,10193,304895,,,,,8003609903589420,ROUMELIOTISBC,LEIGHST,1955-10-08,F,5,TULAGI,RD,YARRAWONGA,NT,0830,AUS,70104103811,70016388200,130.98929499,-12.46889454,0491570156,0755507245,0770106324,leighst.roumeliotisbc@his4ehr.com,50803512421,,,166,63,68,96,S,4,
20044,10197,301144,,,,,8003609903581658,CAMMARANOFG,CAROLUV,1943-10-11,F,1892,STUART,HWY,HUGH,NT,0872,AUS,70201105108,70000670000,133.80145826,-23.8581388,0491570110,0755503936,0770108669,caroluv.cammaranofg@his4ehr.com,51189331534,,,162,85,97,160,S,4,
20045,10201,305239,,,,,8003609903590162,MCMAHONST,WADEXY,1969-10-04,M,80,DURIAN,RD,VIRGINIA,NT,0834,AUS,70103103118,70021720000,131.04504168,-12.55047825,0491570110,0755509550,0770104227,wadexy.mcmahonst@his4ehr.com,56374518562,,,174,100,97,87,M,4,
20046,10206,304207,,,,,8003609903588000,MORGANYZ,PATRICIAVW,1964-10-05,F,199,ROGER VALE,DR,CONNELLAN,NT,0873,AUS,70102102401,70010370000,133.89734709,-23.78282279,0491570159,0755504563,0770102413,patriciavw.morganyz@his4ehr.com,59172728164,S 687907C,ORN,168,79,84,111,S,4,
20047,10210,304272,,,,,8003609903588133,DWYERHI,LISAQR,1966-10-05,F,38,LYNDAVALE,DR,LARAPINTA,NT,0875,AUS,70205106812,70033290000,133.83985055,-23.69319152,0491570157,0755508069,0770106303,lisaqr.dwyerhi@his4ehr.com,54705842154,,,167,83,87,121,D,4,
20048,10215,300797,,,,,8003609903580940,DALLIMOREIJ,SHARONYZ,1947-10-10,F,47,TELEGRAPH,TCE,THE GAP,NT,0870,AUS,70103103507,70020370000,133.87175281,-23.71369267,0491570156,0755502021,0770106602,sharonyz.dallimoreij@his4ehr.com,55618681214,,,143,80,70,87,S,4,
20049,10219,306338,,,,,8003609903592465,GORDONVW,ANNOP,1951-10-09,F,14,BRADSHAW,DR,GILLEN,NT,0870,AUS,70102101307,70010451000,133.86375044,-23.71659633,0491570156,0755506649,0770108647,annop.gordonvw@his4ehr.com,56798320455,,,162,72,75,106,M,4,
20050,10224,303086,,,,,8003609903585691,NANCARROWVW,CAROLUV,1954-10-08,F,14,KRAEGEN,CT,MALAK,NT,0812,AUS,70202105602,70032020000,130.90311371,-12.38962312,0491570157,0755501866,0770104168,caroluv.nancarrowvw@his4ehr.com,51833994034,,,180,73,78,111,M,4,
20051,10228,304444,,,,,8003609903588471,TICKNERHI,MARYUV,1971-10-04,F,22,ARRUNGE,CR,YUELAMU,NT,0872,AUS,70201105404,70018010000,132.20704088,-22.25967104,0491570157,0755506088,0770105661,maryuv.ticknerhi@his4ehr.com,50258942542,,,160,56,61,89,S,4,
20052,10232,,,,,,,EASTONEF,ALICEHI,2013-09-23,F,10,GLENN,ST,ANMATJERE,NT,0872,AUS,70201105407,70003200000,133.4310498,-22.20886352,0491570158,0755501863,0770107175,alicehi.eastonef@his4ehr.com,53907961252,,,127,47.3,76,103,S,4,
20053,10236,,8003609903579496,,,,8003609903579496,LYONAB,JONATHANAB,1965-10-05,M,1235,CHANNEL ISLAND,RD,WICKHAM,NT,0822,AUS,70103103501,70019780000,130.91716082,-12.57002116,0491570158,0755501548,0770108379,jonathanab.lyonab@his4ehr.com,56921766254,,,181,71.8,75,73,M,4,
20054,10241,,,,,,,LEITHMN,JULIEAB,1995-09-28,F,121,AMY JOHNSON,AV,MARRARA,NT,0812,AUS,70102102208,70009640000,130.91505398,-12.40680027,0491570110,0755503153,0770108959,julieab.leithmn@his4ehr.com,59464029345,,,163,70.4,81,110,S,1,
20055,10246,,,,,,,NASTASITU,MATTHEWAB,1941-10-11,M,219,REDCLIFFE,RD,NOONAMAH,NT,0837,AUS,70103103507,70020370000,131.11863869,-12.64267367,0491570156,0755506429,0770105561,matthewab.nastasitu@his4ehr.com,52100991754,,,175,98.4,106,106,M,4,
20056,10250,305196,,,,,8003609903590071,WIELOBOBAB,JARRETTNO,1947-10-11,M,172,CASUARINA,DR,NIGHTCLIFF,NT,0810,AUS,70102102204,70009432000,130.84387575,-12.38423051,0491570157,0755507349,0770107635,jarrettno.wielobobab@his4ehr.com,57667403811,,,176,70,71,96,M,4,
20057,10254,305993,,,,,8003609903591731,TICKNERNO,DAVIDVW,1958-10-07,M,35,HOBART,CR,JOHNSTON,NT,0832,AUS,70104104208,73797000000,131.00379912,-12.49851927,0491570159,0755508052,0770100807,davidvw.ticknerno@his4ehr.com,53638298225,,,174,91,93,103,S,4,
20058,10258,,,,,,,WORTSLM,LILAKL,2001-09-26,F,25185,STUART,HWY,GHAN,NT,0872,AUS,70201105008,70025241000,133.25978676,-25.69120224,0491570159,0755509750,0770105360,lilakl.wortslm@his4ehr.com,53900943971,,,162,59.3,70,85,M,4,
20059,10262,,8003609903579538,,,,8003609903579538,ANDREOUWX,MIRIANTU,2018-09-22,F,7,WARREGO,CT,LARRAKEYAH,NT,0820,AUS,70101100508,70016418100,130.83215389,-12.45342412,0491570110,0755500924,0770103680,miriantu.andreouwx@his4ehr.com,53077639452,,,98,25.3,55,60,S,4,
20060,10267,300000,8003609903579561,,,,8003609903579249,COLEMANUV,ROBERTST,1967-10-05,M,14,PUNU,CL,YULARA,NT,0872,AUS,70102102204,70009360000,130.97006579,-25.20688424,0491570157,0755504981,0770108580,robertst.colemanuv@his4ehr.com,57080600623,,,181,97,84,105,S,4,
20061,10272,300258,,,,,8003609903579777,ANDERSONBC,ADELINEQR,1952-10-08,F,23,BROADARROW,CCT,WOODROFFE,NT,0830,AUS,70104104404,70024490000,130.98285789,-12.50249566,0491570110,0755504523,0770106493,adelineqr.andersonbc@his4ehr.com,56087198075,,,156,84,83,115,M,4,
20062,10277,300365,,,,,8003609903580015,REDDENPQ,TOMMYWX,1954-10-07,M,11,REDWOOD,ST,JOHNSTON,NT,0832,AUS,70104104206,70016429500,131.0078843,-12.48895598,0491570110,0755506570,0770107831,tommywx.reddenpq@his4ehr.com,53695342735,,,160,98,96,91,S,4,
20063,10282,305844,,,,,8003609903591418,SHEPHERDPQ,EDWARDOP,1953-10-08,M,22,KAKADU,PDE,GUNN,NT,0832,AUS,70201105111,70000604000,130.9927167,-12.48635612,0491570156,0755505169,0770108790,edwardop.shepherdpq@his4ehr.com,53871845115,,,167,79,72,72,S,4,
20064,10286,300645,,,,,8003609903580619,TICKNERDE,MARGARETQR,1949-10-09,F,11,BANYAN,ST,FANNIE BAY,NT,0820,AUS,70101100401,70007190000,130.83511818,-12.42018611,0491570157,0755500499,0770108885,margaretqr.ticknerde@his4ehr.com,54070643341,SPX14985C,WHT,166,82,87,118,M,4,
20065,10290,308352,,,,,8003609903596698,BOICOVITISMN,BOBBYEF,1963-10-06,M,35,GOSSE,CR,YULARA,NT,0872,AUS,70102102401,70010370000,130.9849347,-25.23480664,0491570158,0755509499,0770105566,bobbyef.boicovitismn@his4ehr.com,55168052272,,,172,97,92,107,S,4,
20066,10294,,,10042,,,,WHITMOREEF,GEORGE,1945-10-10,M,3,MEYERS,ST,TENNANT CREEK,NT,0860,AUS,70205106602,70016417400,134.19230566,-19.65753489,0491570110,0755508899,0770104869,jankl.ellisij@his4ehr.com,55418719425,,,169,85,88,96,D,4,
20067,10299,302287,,,,,8003609903584058,PALMERXY,HENRYPQ,1966-10-05,M,14,PIYALAM,CR,WADEYE,NT,0822,AUS,70102103007,70013770000,129.52213543,-14.23982618,0491570159,0755503725,0770103017,henrypq.palmerxy@his4ehr.com,51047056045,,,177,82,79,94,M,4,
20068,10303,305778,,,,,8003609903591269,HODSDONXY,CHARLESHI,1950-10-09,M,25,FAIRWEATHER,CR,COOLALINGA,NT,0839,AUS,70102102903,70013500000,131.04179039,-12.5196691,0491570157,0755501471,0770104735,charleshi.hodsdonxy@his4ehr.com,59145497844,,,174,78,90,98,S,4,
20069,10307,,,,,,,SINNAMONTU,JIMFG,1960-10-06,M,46,BATTEN,RD,MARRARA,NT,0812,AUS,70102102208,70009640000,130.91229843,-12.40479547,0491570110,0755508553,0770107806,jimfg.sinnamontu@his4ehr.com,50122730434,,,182,70.0,74,91,M,4,
20070,10311,304682,,,,,8003609903588968,ROUNTREEFG,BAMBIEF,1944-12-11,F,610,WARREGO,RD,WARUMUNGU,NT,0852,AUS,70202105503,70016430700,134.17616182,-19.59124518,0491570157,0755508668,0770106538,bambief.rountreefg@his4ehr.com,56549469832,,,170,89,112,177,M,4,1962-02-14
20071,10315,307604,,,,,8003609903595146,HOWERS,HARRIETGH,1979-10-02,F,44,KALYMNOS,DR,KARAMA,NT,0812,AUS,70101100807,70012350000,130.9168307,-12.40136521,0491570110,0755504531,0770100264,harrietgh.howers@his4ehr.com,56630661171,,,166,86,89,138,M,4,
20072,10320,,8003609903579603,,,,8003609903579603,TURNERIJ,CARLOSOP,1981-10-01,M,105,ROCKLANDS,DR,TIWI,NT,0810,AUS,70102102706,70012850000,130.88298329,-12.35487129,0491570110,0755504330,0770107647,carlosop.turnerij@his4ehr.com,50988942173,,,180,78.4,85,79,M,4,
20073,10324,305090,,,,,8003609903589834,MELROSEWX,JOECD,1961-10-06,M,6,REDMOND,CR,DURACK,NT,0830,AUS,70102102602,70012000000,130.97532094,-12.4710554,0491570159,0755509331,0770108650,joecd.melrosewx@his4ehr.com,58856920772,,,181,77,83,84,M,4,
20074,10329,308331,,,,,8003609903596656,WRIGHTRS,MAYBELLQR,1949-10-09,F,13,SHEPHERD,ST,DARWIN CITY,NT,0800,AUS,70103103403,70020450000,130.84065771,-12.45734512,0491570159,0755508190,0770103848,maybellqr.wrightrs@his4ehr.com,51932807723,,,144,73,70,94,S,4,
20075,10333,309382,,,,,8003609903598850,FREDERICKOP,ALICEIJ,1947-10-10,F,24,KARAMA,CR,KARAMA,NT,0812,AUS,70201104911,70016417100,130.9143091,-12.40027696,0491570156,0755507593,0770105250,aliceij.frederickop@his4ehr.com,54809951325,,,146,82,87,103,M,4,
20076,10337,301793,,,,,8003609903582995,HAMILTONNO,PAULAGH,1942-10-11,F,48,SABINE,RD,MILLNER,NT,0810,AUS,70102102301,70009980000,130.86000429,-12.38957511,0491570110,0755501272,0770105385,paulagh.hamiltonno@his4ehr.com,57135566612,,,144,63,62,75,M,4,
20077,10342,302697,,,,,8003609903584918,TOFLERXY,ELLIOTTU,1971-10-04,M,22,MILKWOOD,CCT,KARAMA,NT,0812,AUS,70104104113,70025000000,130.91880171,-12.39556912,0491570110,0755506912,0770104279,elliottu.toflerxy@his4ehr.com,57161938871,,,184,90,105,139,M,4,
20078,10346,302309,,,,,8003609903584090,DUDGEONWX,BETHANIEDE,1966-10-05,F,178,RAPID CREEK,RD,RAPID CREEK,NT,0810,AUS,70201105108,70000670000,130.86330702,-12.38062174,0491570158,0755502997,0770103562,bethaniede.dudgeonwx@his4ehr.com,56863744141,,,177,75,76,104,S,4,
20079,10350,307388,,,,,8003609903594685,SALMONCD,JESSIELM,1951-10-09,F,60,HUTCHISON,TCE,BAKEWELL,NT,0832,AUS,70205106706,70018510000,130.99713041,-12.49836931,0491570159,0755503128,0770103333,jessielm.salmoncd@his4ehr.com,59886531115,,,155,75,80,107,S,4,
20080,10355,308867,,,,,8003609903597811,WILSONMN,TRUMANLM,1963-10-06,M,20,CLARA,CT,THE GAP,NT,0870,AUS,70103103205,70019750000,133.87190095,-23.71487879,0491570157,0755509566,0770103612,trumanlm.wilsonmn@his4ehr.com,56809574875,,,180,92,100,82,S,4,
20081,10360,307150,,,,,8003609903594164,TICKNEROP,WALTERDE,1959-10-07,M,157,LARAPINTA,DR,GILLEN,NT,0870,AUS,70201104703,70000930000,133.85648179,-23.70464443,0491570159,0755504161,0770105846,walterde.ticknerop@his4ehr.com,59761281752,,,181,73,76,108,M,4,
20082,10364,304488,,,,,8003609903588554,WOODFORDYZ,ROBERTIJ,1957-10-07,M,89,SPEARWOOD,RD,SADADEEN,NT,0870,AUS,70201105108,70000670000,133.89865774,-23.70205161,0491570157,0755505628,0770105746,robertij.woodfordyz@his4ehr.com,56175266064,,,176,71,78,95,S,4,
20083,10368,302675,,,,,8003609903584876,HANSENXY,STEPHENYZ,1970-10-04,M,15,FRANGIPANNI,ST,NIGHTCLIFF,NT,0810,AUS,70103103212,70020580000,130.84889571,-12.38540412,0491570158,0755503489,0770107107,stephenyz.hansenxy@his4ehr.com,54144441322,,,171,103,101,106,M,4,
20084,10373,,,,,,,DRAGARSKIBC,JASONTU,1990-09-29,M,4,LOCKYER,CT,SADADEEN,NT,0870,AUS,70201104614,70001753000,133.89756661,-23.70733602,0491570110,0755509214,0770107049,jasontu.dragarskibc@his4ehr.com,54768965254,,,189,84.9,104,113,S,4,
20085,10377,300280,,,,,8003609903579827,BETHELLBC,TINAXY,1945-10-10,F,58,FARRAR,BVD,FARRAR,NT,0830,AUS,70101100225,70034880000,130.9984867,-12.48046012,0491570156,0755500384,0770107863,tinaxy.bethellbc@his4ehr.com,50504206435,,,143,88,71,92,S,4,
20086,10381,,,,,,,MURRAYXY,BOBBYIJ,2022-09-21,M,13,CAHILL,CR,NAKARA,NT,0810,AUS,70102101306,70010550000,130.8770196,-12.3729477,0491570157,0755506701,0770106298,bobbyij.murrayxy@his4ehr.com,59148035923,SGW83021C,GOL,72,7.1,26,27,S,4,
20087,10385,301297,,,,,8003609903581963,TICKNERIJ,KRISTYST,1966-10-05,F,830,GORGE,RD,LANSDOWNE,NT,0850,AUS,70201105408,70003190000,132.34110453,-14.40976795,0491570158,0755509910,0770102950,kristyst.ticknerij@his4ehr.com,53406200465,,,165,58,63,92,M,4,
20088,10390,305519,,,,,8003609903590725,JORPQ,ELIZABETHAB,1948-10-09,F,4,MAZLIN,ST,WANGURI,NT,0810,AUS,70104104218,73821000000,130.88658144,-12.36795938,0491570157,0755502372,0770106530,elizabethab.jorpq@his4ehr.com,50910675962,,,156,65,71,73,M,4,
20089,10395,300992,,,,,8003609903581336,STOKESVW,KEVINST,1976-10-02,M,8,DIXON,RD,BRAITLING,NT,0870,AUS,70201104511,70000400000,133.87244308,-23.67406015,0491570157,0755503695,0770105161,kevinst.stokesvw@his4ehr.com,54173901662,,,168,71,69,57,M,4,
20090,10399,309103,8003609903579645,,,,8003609903598280,WYLIEOP,IRENEKL,1962-10-06,F,23,KURRAJONG,DR,EAST SIDE,NT,0870,AUS,70102101604,70006942000,133.89679565,-23.69207798,0491570159,0755506833,0770104202,irenekl.wylieop@his4ehr.com,52440927962,,,160,55,60,100,S,4,
20091,10404,,,,,,,BUCKLEYOP,DARINEF,1951-10-09,M,5,ROBINSON,RD,MILLNER,NT,0810,AUS,70102102303,70010140000,130.86141089,-12.39187738,0491570158,0755502751,0770108208,darinef.buckleyop@his4ehr.com,58161118323,,,178,82.8,88,103,S,4,
20092,10409,309038,,,,,8003609903598157,O'CONNORVW,JAMESST,1941-10-11,M,19S,PARAKEELYA,DR,YULARA,NT,0872,AUS,70104104317,70016394300,130.97006579,-25.20688424,0491570157,0755507247,0770107894,jamesst.o'connorvw@his4ehr.com,53081538533,,,173,82,85,114,M,4,
20093,10413,307968,,,,,8003609903595872,ABDOUAB,LAVERNCD,1942-10-09,M,16,GUNBALANYA,RD,GUNBALANYA,NT,0822,AUS,70102101306,70010550000,133.0549102,-12.32543805,0491570159,0755509196,0770102116,laverncd.abdouab@his4ehr.com,51288975315,,,164,92,96,133,M,4,
20094,10418,303282,,,,,8003609903586087,FATHYZ,ANDREAHI,1958-10-07,F,222,BRUNKER,ST,ALYANGULA,NT,0885,AUS,70101100703,70011460000,136.41566047,-13.84425083,0491570110,0755503940,0770108369,andreahi.fathyz@his4ehr.com,52817434245,,,165,68,78,98,W,4,
20095,10423,303238,8003609903579686,,,,8003609903585998,LLANESIJ,KENNETHUV,1939-10-12,M,8,WUYAL,RD,NHULUNBUY,NT,0880,AUS,70102101306,70010550000,136.77897102,-12.18491021,0491570110,0755509168,0770100173,kennethuv.llanesij@his4ehr.com,58361770535,,,175,77,78,96,S,4,
20096,10427,301641,,,,,8003609903582672,HUGHESDE,MANUELQR,1959-10-07,M,410,ELIZABETH VALLEY,RD,NOONAMAH,NT,0837,AUS,70205106718,70018750000,131.11317721,-12.65238152,0491570156,0755504342,0770106905,manuelqr.hughesde@his4ehr.com,56479151023,,,174,76,75,86,M,4,
20097,10431,304725,,,,,8003609903589057,KAJEWSKIWX,GREGKL,1962-10-06,M,14,PRIEST,CCT,GRAY,NT,0830,AUS,70205106716,70018370000,130.98028189,-12.49217482,0491570156,0755505752,0770105343,gregkl.kajewskiwx@his4ehr.com,59889450643,,,184,84,91,127,M,4,
20098,10436,305800,,,,,8003609903591319,O'NEILJK,RICHARDVW,1942-10-11,M,360,HOWARD SPRINGS,RD,HOWARD SPRINGS,NT,0835,AUS,70101100508,70016418100,131.04702031,-12.47506864,0491570158,0755505925,0770105946,richardvw.o'neiljk@his4ehr.com,51184280351,,,163,83,88,101,D,4,
20099,10441,303020,,,,,8003609903585568,MITCHELLFG,WADEFG,1965-10-05,M,251,ALEC FONG LIM,DR,EAST POINT,NT,0820,AUS,70102101301,70006050000,130.81956681,-12.40816408,0491570156,0755508911,0770102824,wadefg.mitchellfg@his4ehr.com,52788813831,,,181,93,91,121,S,4,
20100,10445,,,,,,,MADDENHI,DANIELWX,1998-09-27,M,4,KOOLPINYAH,CR,TIWI,NT,0810,AUS,70102102702,70012930000,130.88131291,-12.36438085,0491570110,0755508706,0770106598,danielwx.maddenhi@his4ehr.com,51150244061,,,181,78.9,99,125,D,4,
20101,10450,303601,,,,,8003609903586731,REIDIJ,CAMIFG,1964-10-05,F,111,BAGOT,RD,LUDMILLA,NT,0820,AUS,70102101103,70005420000,130.85436728,-12.41554116,0491570157,0755506071,0770108429,camifg.reidij@his4ehr.com,56133550045,,,167,65,71,78,S,4,
20102,10455,300515,,,,,8003609903580338,COLLINSNO,KIMKL,1963-10-06,F,10,MPWETYERRE,CT,THE GAP,NT,0870,AUS,70201104913,70002874000,133.87409214,-23.7163197,0491570110,0755500610,0770108591,kimkl.collinsno@his4ehr.com,55796100962,,,166,67,76,108,M,1,
20103,10460,302525,,,,,8003609903584546,LITSTERJK,TROYHI,1941-10-11,M,3,WAMPERE,ST,TARA,NT,0872,AUS,70103103224,70021470000,133.99625198,-21.50629257,0491570159,0755504858,0770105693,troyhi.litsterjk@his4ehr.com,58666153661,,,175,91,93,90,M,4,
20104,10464,302138,,,,,8003609903583753,HOFFMANFG,JEREMYFG,1957-10-07,M,15,BREWERTON,RD,MCMINNS LAGOON,NT,0822,AUS,70102102404,70010250000,131.07469025,-12.53585207,0491570157,0755500072,0770101037,jeremyfg.hoffmanfg@his4ehr.com,56742883754,,,184,82,84,105,M,4,
20105,10469,307625,,,,,8003609903595187,ENGLEST,JAMESQR,1955-10-08,M,42,BELYUEN,RD,ROSEBERY,NT,0832,AUS,70201104704,70001050000,130.9947639,-12.51012031,0491570156,0755500601,0770100691,jamesqr.englest@his4ehr.com,55072085614,,,184,87,91,112,S,4,
20106,10473,305929,,,,,8003609903591590,PIDGEONXY,WILLIAMQR,1951-10-09,M,49,BROLGA,ST,WULAGI,NT,0812,AUS,70102103005,70013880000,130.89664271,-12.37990812,0491570156,0755503706,0770109282,williamqr.pidgeonxy@his4ehr.com,55878259942,,,174,83,89,112,S,4,
20107,10477,,8003609903579710,,,,8003609903579710,GREENWOODST,TONIEF,2000-09-26,F,11,PRIEST,ST,BRAITLING,NT,0870,AUS,70201104509,70000260000,133.87042654,-23.68361605,0491570159,0755500607,0770101930,tonief.greenwoodst@his4ehr.com,54748778225,,,169,69.2,85,123,M,4,
20108,10481,,8003609903579744,,,,8003609903579744,ALLPORTNO,RICHARDIJ,1998-09-27,U,4,CORALLITA,AV,NHULUNBUY,NT,0880,AUS,70204106410,70022120000,136.78057528,-12.17851641,0491570157,0755508748,0770102953,richardij.allportno@his4ehr.com,54861030921,,,171,66.0,79,87,M,4,
20109,10486,,8003609903579785,,,,8003609903579785,TORYBC,JERRYXY,2019-09-22,M,13,WEDDELL,ST,PARAP,NT,0820,AUS,70101100706,70016407100,130.84072119,-12.43467538,0491570110,0755509539,0770106547,jerryxy.torybc@his4ehr.com,51437258372,,,99,20.5,53,64,S,4,
20110,10490,300129,,,,,8003609903579504,HORBACHGH,GARYIJ,1972-10-03,M,45,DUFF,RD,LAMBELLS LAGOON,NT,0822,AUS,70102101701,70037381000,131.18271578,-12.57871964,0491570110,0755500495,0770101515,garyij.horbachgh@his4ehr.com,54994862954,,,179,76,70,102,M,4,
20111,10495,308180,,,,,8003609903596334,DORRINGTONXY,LUCILEMN,1969-10-04,F,1,RICKARDS,CT,MALAK,NT,0812,AUS,70102101907,70016399100,130.90707745,-12.39654102,0491570156,0755504989,0770101186,lucilemn.dorringtonxy@his4ehr.com,52270990824,,,171,85,89,156,M,4,
20112,10499,,8003609903579819,,,,8003609903579819,SMITHBC,SHANEFG,2022-09-21,M,195,STEPHENS,RD,MOUNT JOHNS,NT,0874,AUS,70201104912,70016388500,133.90721201,-23.7185515,0491570159,0755502713,0770105598,shanefg.smithbc@his4ehr.com,55828013672,,,76,10.3,40,47,S,4,
20113,10504,309211,,,,,8003609903598488,WATSONEF,MICHEALKL,1973-10-03,M,29,FURNELL,CR,MALAK,NT,0812,AUS,70103103118,70021270000,130.90996117,-12.39075359,0491570157,0755505464,0770100510,michealkl.watsonef@his4ehr.com,55341451471,,,175,63,69,62,M,4,
20114,10508,301510,,,,,8003609903582417,HUMPHREYSTU,MARYRS,1978-10-02,F,164,FORREST,PDE,ROSEBERY,NT,0832,AUS,70101100211,73789000000,130.98973706,-12.50876584,0491570156,0755505705,0770105091,maryrs.humphreystu@his4ehr.com,58904610165,,,175,77,87,127,M,4,
20115,10513,303173,,,,,8003609903585873,ROBERTSGH,JONATHONOP,1970-10-04,M,46,WILMOT,ST,THE NARROWS,NT,0820,AUS,70101100607,70010651000,130.86248371,-12.42613312,0491570110,0755508574,0770105984,jonathonop.robertsgh@his4ehr.com,55022762131,,,179,81,86,98,S,4,
20116,10517,,,,,,,MCKEETU,JEFFREYJK,1990-09-29,M,3,GAKAMINI,ST,RAMINGINING,NT,0822,AUS,70204106318,73785000000,134.93148493,-12.32681399,0491570158,0755505643,0770106873,jeffreyjk.mckeetu@his4ehr.com,58337425555,,,177,85.3,98,101,M,4,
20117,10521,302999,,,,,8003609903585519,HORNERRS,BILLTU,1976-10-02,M,15,CHEWINGS,ST,EAST SIDE,NT,0870,AUS,70203105702,70003360000,133.88873214,-23.69294364,0491570156,0755503071,0770100161,billtu.hornerrs@his4ehr.com,58515737363,,,180,78,84,109,M,4,
20118,10525,306485,,,,,8003609903592796,KINGPQ,ROBERTNO,1954-10-08,M,42,GECKO,CL,YULARA,NT,0872,AUS,70104104404,70024470000,130.99326859,-25.24588327,0491570157,0755507015,0770107682,robertno.kingpq@his4ehr.com,57431490773,,,181,98,102,112,D,4,
20119,10529,,,,,,,DE MAJOSUV,ANNIJ,1965-10-05,F,9,ROESCH,ST,WALLACE ROCKHOLE,NT,0872,AUS,70201105307,70033670000,133.08764939,-24.12567965,0491570157,0755504256,0770105760,annij.de majosuv@his4ehr.com,54973456713,SIV73294 ,GOL,161,70.8,73,92,M,4,
20120,10534,,,10019,,,,WILLIAMSDE,RONALD,2000-09-26,M,5,NEYNTEW,CT,ALPURRURULAM,NT,4825,AUS,70202105507,70002980000,137.84406862,-20.98446156,0491570110,0755509050,0770104070,barbarawx.webberbc@his4ehr.com,59962863463,SGW51336A,ORN,182,86,111,104,M,4,
20121,10538,303797,,,,,8003609903587127,MCNAMARACD,BRIANMN,1969-10-04,M,8,KLYN,CCT,NHULUNBUY,NT,0880,AUS,70101100603,70009170000,136.7731861,-12.18617149,0491570158,0755508796,0770102080,brianmn.mcnamaracd@his4ehr.com,51208619612,,,179,94,95,102,S,4,
20122,10543,301965,,,,,8003609903583357,PEAKGH,WILLARDAB,1945-10-10,M,58,BAYVIEW,BVD,BAYVIEW,NT,0820,AUS,70102101101,70005590000,130.8590059,-12.44210323,0491570156,0755506895,0770100953,willardab.peakgh@his4ehr.com,55923351741,SA717633D,WHT,175,81,80,91,M,4,
20123,10548,306700,,,,,8003609903593240,LEVKOVSKIJK,KATHLEENBC,1949-10-09,F,18,LACKMAN,TCE,BRAITLING,NT,0870,AUS,70201104508,70000570000,133.86676238,-23.68207864,0491570158,0755509912,0770103650,kathleenbc.levkovskijk@his4ehr.com,56847126365,,,153,64,77,133,M,4,
20124,10552,309882,,,,,8003609903599874,JONESRS,KARENRS,1966-10-05,F,27,KOOLPINYAH,CR,TIWI,NT,0810,AUS,70104104217,70016420800,130.88225086,-12.36254245,0491570159,0755500211,0770104476,karenrs.jonesrs@his4ehr.com,55497640255,,,158,81,79,114,M,4,
20125,10556,302891,,,,,8003609903585303,CLARKEST,JAMESMN,1975-10-03,U,430,STUART,HWY,MATARANKA,NT,0852,AUS,70104104003,70023980000,133.02157876,-14.96656123,0491570159,0755504897,0770109708,jamesmn.clarkest@his4ehr.com,53787640832,,,181,95,98,105,M,4,
20126,10561,303453,,,,,8003609903586426,PERRYST,TIMOTHYDE,1944-10-10,M,13,MAGDELENE,CT,MALAK,NT,0812,AUS,70201105008,70028020000,130.90627022,-12.39607376,0491570110,0755502471,0770105832,timothyde.perryst@his4ehr.com,56376351642,,,177,81,88,84,M,4,
20127,10566,307516,,,,,8003609903594958,ASTILLLM,MICHAELDE,1944-10-12,M,45,WOODCOTE,CR,GIRRAWEEN,NT,0836,AUS,70103103213,70021500000,131.1152117,-12.54794512,0491570159,0755507902,0770106075,michaelde.astilllm@his4ehr.com,54958066935,,,163,82,81,104,D,4,
20128,10570,306785,,,,,8003609903593414,THOMPSONXY,COREYLM,1940-10-09,M,6,NYLANDER,ST,PARAP,NT,0820,AUS,70104103603,70022830000,130.83994371,-12.43875012,0491570158,0755509547,0770100093,coreylm.thompsonxy@his4ehr.com,51263495963,,,178,81,91,88,S,4,
20129,10574,301706,,,,,8003609903582821,BOSTONTU,JESSEXY,1939-10-12,M,76A,WANGURI,TCE,WANGURI,NT,0810,AUS,70103103208,70020480000,130.88974826,-12.36884588,0491570157,0755508281,0770100208,jessexy.bostontu@his4ehr.com,51393239155,,,167,76,84,105,S,4,
20130,10579,304033,,,,,8003609903587630,NITSCHKEOP,JACQUELINERS,1939-10-12,F,16,WILSON,CR,MOIL,NT,0810,AUS,70102102405,70010310000,130.88406499,-12.38963703,0491570110,0755503391,0770102733,jacqueliners.nitschkeop@his4ehr.com,57638980673,,,159,77,82,107,M,4,
20131,10584,301080,,,,,8003609903581518,KAYEVW,DAVIDNO,1941-10-11,M,14,GREVILLEA,CCT,NIGHTCLIFF,NT,0810,AUS,70102102607,70011840000,130.84664471,-12.38370512,0491570159,0755502351,0770106649,davidno.kayevw@his4ehr.com,56195847122,,,177,104,111,133,M,4,
20132,10589,,,,,,,BRONKHURSTYZ,BRUCECD,2019-09-22,M,48,WOODS,ST,DARWIN CITY,NT,0800,AUS,70101100229,70006402000,130.84301416,-12.46003891,0491570159,0755501875,0770102818,brucecd.bronkhurstyz@his4ehr.com,52681123071,,,103,18.9,51,61,S,4,
20133,10594,309254,8003609903579843,,,,8003609903598587,BETTESWORTHUV,STEVENMN,1966-10-05,M,53,MCMINNS,DR,MCMINNS LAGOON,NT,0822,AUS,70101100905,70005961000,131.07813123,-12.54919562,0491570159,0755507284,0770104427,stevenmn.bettesworthuv@his4ehr.com,59350808453,,,177,94,105,121,M,4,
20134,10598,,,,,,,CUMMINGIJ,DIANEOP,2018-09-22,F,247,TROWER,RD,CASUARINA,NT,0810,AUS,70102101307,70010440000,130.88161081,-12.37505099,0491570156,0755504122,0770103535,dianeop.cummingij@his4ehr.com,51879266832,,,100,22.0,49,76,S,4,
20135,10602,300689,,,,,8003609903580718,WADEDE,GRACEBC,1939-10-12,F,12,CHARLTON,CT,WOOLNER,NT,0820,AUS,70201104810,70001210000,130.85890903,-12.43154956,0491570156,0755504035,0770102643,gracebc.wadede@his4ehr.com,58167419732,,,154,70,76,117,S,4,
20136,10607,301036,,,,,8003609903581427,GEORGELM,CAROLYNIJ,1949-10-09,F,135,MYRMIDON,CCT,DUNDEE BEACH,NT,0840,AUS,70102101104,70005630000,130.358062,-12.74744831,0491570159,0755501265,0770102446,carolynij.georgelm@his4ehr.com,51439674522,,,161,57,67,56,W,4,
20137,10611,302956,,,,,8003609903585428,GHORPADECD,MARCUSHI,1975-10-03,M,17450,ROPER,HWY,LIMMEN,NT,0852,AUS,70102102103,70016390400,135.36545547,-14.72295961,0491570110,0755506417,0770104554,marcushi.ghorpadecd@his4ehr.com,53064073861,,,184,77,74,82,D,4,
20138,10615,303841,,,,,8003609903587218,LINGARDOP,CHARLIEHI,1949-10-09,M,4,HOLTZE,CR,KATHERINE EAST,NT,0850,AUS,70101100402,70037741000,132.279447,-14.46175427,0491570158,0755500898,0770101517,charliehi.lingardop@his4ehr.com,57767052935,,,169,83,85,102,D,4,
20139,10619,308952,,,,,8003609903597985,WILLIAMSDE,MURIELST,1970-10-04,F,66,ROSS SMITH,AV,FANNIE BAY,NT,0820,AUS,70104103601,70022810000,130.84239071,-12.42724012,0491570158,0755500119,0770106483,murielst.williamsde@his4ehr.com,56282049074,,,164,64,66,77,M,4,
20140,10623,301275,,,,,8003609903581914,EVANSHI,RAYMONDPQ,1963-10-06,U,79,MITCHELL,ST,DARWIN CITY,NT,0800,AUS,70103103410,70020300000,130.83810353,-12.46197284,0491570158,0755503266,0770108017,raymondpq.evanshi@his4ehr.com,52602125725,,,177,84,84,95,W,4,
20141,10628,,8003609903579884,10019,,,,WILLIAMSDE,JAMES,2000-09-26,M,9,LAIDLAW,CT,BAYVIEW,NT,0820,AUS,70103103223,70020780000,130.85282439,-12.4375539,0491570157,0755500436,0770107951,clarencewx.hattontu@his4ehr.com,59962863463,SGW51336A,ORN,174,92,115,104,M,4,
20142,10632,301943,,,,,8003609903583308,FLETCHERRS,JASONNO,1957-10-07,U,21,PTILOTUS,CR,SADADEEN,NT,0870,AUS,70104104401,70024670000,133.89775125,-23.69537939,0491570157,0755509474,0770107475,jasonno.fletcherrs@his4ehr.com,53594536453,,,165,93,93,121,W,4,
20143,10637,,,,,,,NAYILIBIDJAB,CAROLTU,1969-10-04,F,95,SUNDEW,CCT,ZUCCOLI,NT,0832,AUS,70104104212,73813000000,131.00696418,-12.51945911,0491570158,0755502561,0770106171,caroltu.nayilibidjab@his4ehr.com,53220614724,,,171,99.5,109,162,S,4,
20144,10642,304380,,,,,8003609903588349,MARTINHI,VERONICAKL,1967-10-05,F,235,JARVIS,RD,ACACIA HILLS,NT,0822,AUS,70204106402,70014353000,131.10538008,-12.72187996,0491570158,0755501178,0770109748,veronicakl.martinhi@his4ehr.com,58141619933,,,162,104,102,178,D,4,
20145,10647,301597,,,,,8003609903582581,MOUALEMFG,JONATHANYZ,1975-10-03,M,95,LEE POINT,RD,WAGAMAN,NT,0810,AUS,70101100806,70012414000,130.88792905,-12.3837705,0491570157,0755507626,0770108835,jonathanyz.moualemfg@his4ehr.com,51160467644,,,173,94,91,116,M,4,
20146,10651,304294,,,,,8003609903588174,RIDDELLOP,ANTHONYGH,1945-09-09,M,20,KIDMAN,ST,CICCONE,NT,0870,AUS,70102101304,70016391500,133.8707344,-23.69659103,0491570156,0755509351,0770103043,anthonygh.riddellop@his4ehr.com,59661353035,,,156,69,68,71,M,4,
20147,10656,,,,10014,,,TSANGUV,BILLLM,1995-09-28,M,18,ANNEAR,CT,STUART PARK,NT,0820,AUS,70101100224,73860000000,130.85017587,-12.44742783,0491570157,0755506364,0770107138,johnxy.loeffleruv@his4ehr.com,56053704852,,,186,72,84,85,M,4,
20148,10661,,,,,,,MCLEANPQ,JAMESST,2009-09-24,M,85,PROGRESS,DR,NIGHTCLIFF,NT,0810,AUS,70102102508,70016388900,130.84737011,-12.38811063,0491570110,0755505285,0770109355,jamesst.mcleanpq@his4ehr.com,50237540642,,,158,39.8,59,77,S,4,
20149,10666,303411,,,,,8003609903586335,BEAUCHAMPNO,KELLYRS,1959-10-07,M,9,UNDOOLYA,ST,TIWI,NT,0810,AUS,70102102705,70012980000,130.87472802,-12.36520115,0491570159,0755500117,0770106409,kellyrs.beauchampno@his4ehr.com,54105771852,,,179,72,84,99,M,4,
20150,10670,,,,,,,WOOLLEYLM,TRACIHI,1995-09-28,F,203,LEE POINT,RD,WANGURI,NT,0810,AUS,70102102902,70013430000,130.89141782,-12.37029578,0491570157,0755501728,0770100536,tracihi.woolleylm@his4ehr.com,52133136654,,,160,60.1,68,112,W,4,
20151,10674,309489,,,,,8003609903599080,DOWLINGMN,RICHARDJK,1956-10-07,M,296,CASUARINA,DR,RAPID CREEK,NT,0810,AUS,70201104706,70001190000,130.8532723,-12.37525695,0491570157,0755503124,0770105876,richardjk.dowlingmn@his4ehr.com,57841642324,,,170,70,79,92,M,4,
20152,10679,301986,,,,,8003609903583407,GILLAHANTU,RONALDGH,1962-10-06,M,8,ROSEBERY,DR,ROSEBERY,NT,0832,AUS,70101100901,70016397500,130.98833254,-12.50159549,0491570157,0755500735,0770100935,ronaldgh.gillahantu@his4ehr.com,55212639572,,,175,84,100,104,D,4,
20153,10683,306850,,,,,8003609903593547,SACCOLM,BRETTJK,1964-10-05,M,4,MCGUIRE,CCT,MOULDEN,NT,0830,AUS,70204106308,70014800000,130.97127396,-12.49800839,0491570156,0755504235,0770101725,brettjk.saccolm@his4ehr.com,56273113064,,,175,88,90,101,S,4,
20154,10688,302590,,,,,8003609903584678,HEARNHI,ERICWX,1963-10-06,M,26,DONALDSON,CT,KARAMA,NT,0812,AUS,70102101907,70016430800,130.9175715,-12.40222915,0491570157,0755502592,0770102422,ericwx.hearnhi@his4ehr.com,59652413741,,,178,89,99,101,M,4,
20155,10692,302418,8003609903579926,,,,8003609903584322,LUCASQR,EDNACD,1977-11-02,F,38,PROGRESS,DR,NIGHTCLIFF,NT,0810,AUS,70103103222,70021070000,130.85098571,-12.38747712,0491570157,0755507469,0770104506,ednacd.lucasqr@his4ehr.com,55637844475,,,160,98,103,136,S,4,
20156,10696,305112,,,,,8003609903589883,TICKNERUV,AMYMN,1973-10-03,F,6,GREER,CT,DRIVER,NT,0830,AUS,70205106726,70018650000,130.97204424,-12.49356797,0491570156,0755503123,0770103509,amymn.tickneruv@his4ehr.com,57912469533,,,163,78,82,99,M,4,
20157,10700,308481,,,,,8003609903596979,HAIDARCD,FRANCESXY,1963-10-06,M,179,SANDHILL,RD,WALLACE ROCKHOLE,NT,0872,AUS,70201104609,70002100000,133.09964122,-24.12848194,0491570158,0755508554,0770102995,francesxy.haidarcd@his4ehr.com,54970410224,,,175,64,68,66,M,4,
20158,10705,309424,8003609903579967,,,,8003609903598942,CHEVALIERUV,ROBERTNO,1948-10-09,M,49,LOVEGROVE,DR,ARALUEN,NT,0870,AUS,70102102610,70011720000,133.85960009,-23.69510572,0491570157,0755508494,0770104000,robertno.chevalieruv@his4ehr.com,54869728335,,,182,81,90,108,M,4,
20159,10709,,,,,,,EVANSYZ,CHRISFG,1981-10-01,M,175,PIONEER,DR,GIRRAWEEN,NT,0836,AUS,70103103212,70020560000,131.1050907,-12.55370305,0491570157,0755506127,0770106655,chrisfg.evansyz@his4ehr.com,52275542442,,,185,72.0,80,92,S,4,
20160,10713,305133,,,,,8003609903589925,KIDDQR,SANDRAIJ,1942-10-11,F,49,TROWER,RD,RAPID CREEK,NT,0810,AUS,70102102601,70012020000,130.86173078,-12.38602181,0491570158,0755506209,0770108092,sandraij.kiddqr@his4ehr.com,50395640865,,,153,83,88,94,S,4,
20161,10717,305024,,,,,8003609903589685,RALEIGHUV,BARBARAAB,1967-10-05,F,7,FITZPATRICK,ST,EAST SIDE,NT,0870,AUS,70201104514,70016396600,133.89481475,-23.69507785,0491570158,0755504520,0770102600,barbaraab.raleighuv@his4ehr.com,58110472422,,,157,70,69,80,S,4,
20162,10721,302654,,,,,8003609903584827,KARAVASLM,OPALAB,1975-10-03,F,7,CARYOTA,CT,COCONUT GROVE,NT,0810,AUS,70102101604,70006941000,130.85132944,-12.40127238,0491570157,0755500721,0770103468,opalab.karavaslm@his4ehr.com,54571553333,,,158,60,52,72,M,4,
20163,10726,302569,,,,,8003609903584637,VERITYWX,CHARLESWX,1960-10-06,M,18,COOLIBAH,ST,NIGHTCLIFF,NT,0810,AUS,70102102510,70010730000,130.84452582,-12.38042421,0491570157,0755504775,0770104434,charleswx.veritywx@his4ehr.com,55751728255,,,181,116,115,139,M,4,
20164,10731,,,,,,,WEBBERVW,JOHANNAJK,1993-09-28,F,51,UNION,TCE,WULAGI,NT,0812,AUS,70102103002,70014100000,130.89384495,-12.38760542,0491570158,0755501877,0770104291,johannajk.webbervw@his4ehr.com,58053890422,,,175,68.9,84,93,W,4,
20165,10735,,,,,,,SEETOQR,ELMERAB,1971-10-04,M,21,CAVENAGH,ST,DARWIN CITY,NT,0800,AUS,70101100209,70006230000,130.84314564,-12.46306475,0491570157,0755506820,0770103836,elmerab.seetoqr@his4ehr.com,55136497835,,,186,79.7,84,93,M,4,
20166,10739,309664,,,,,8003609903599445,MAKINWX,LARRYMN,1946-10-10,M,52,IRRAMPENYE,ST,MOUNT JOHNS,NT,0874,AUS,70101100601,70009250000,133.88285418,-23.72226956,0491570110,0755504998,0770107539,larrymn.makinwx@his4ehr.com,59968641223,,,175,82,75,90,S,4,
20167,10743,305003,,,,,8003609903589644,HINGEEQR,JOYCEVW,1946-10-08,F,27,PACKARD,AV,DURACK,NT,0830,AUS,70103103219,70019760000,130.97872682,-12.47396244,0491570157,0755506585,0770100138,joycevw.hingeeqr@his4ehr.com,54637084561,SPX39235B,ORN,165,73,84,129,M,1,
20168,10748,,8003609903580007,,,,8003609903580007,COSGRIFFKL,CATRINAOP,1953-10-08,F,42,CALYTRIX,RD,KARAMA,NT,0812,AUS,70102101904,70007900000,130.91382973,-12.39333704,0491570159,0755503571,0770100930,catrinaop.cosgriffkl@his4ehr.com,51167037062,,,168,79.7,89,97,S,4,
20169,10753,303580,,,,,8003609903586699,LANGDE,DONALDHI,1961-10-06,M,26850,TANAMI,RD,CHILLA WELL,NT,0872,AUS,70201105402,70034271000,131.77339904,-22.28851564,0491570157,0755505526,0770107583,donaldhi.langde@his4ehr.com,51208475621,,,169,82,87,90,S,4,
20170,10758,306871,8003609903580031,,,,8003609903593596,EGGERLINGFG,DAVIDKL,1974-10-03,M,54,VANDERLIN,DR,WAGAMAN,NT,0810,AUS,70102101903,70007700000,130.88910716,-12.37765938,0491570157,0755505074,0770107483,davidkl.eggerlingfg@his4ehr.com,52768402272,,,171,66,68,78,M,4,
20171,10762,304596,,,,,8003609903588786,ANDREWSVW,LYMANLM,1960-10-06,M,46,CANONBURY,CCT,DRIVER,NT,0830,AUS,70104103704,70023110000,130.9737277,-12.48843612,0491570156,0755508476,0770104859,lymanlm.andrewsvw@his4ehr.com,56935648665,,,188,81,82,101,M,4,
20172,10766,309730,,,,,8003609903599577,BEIRNEXY,ROBKL,1955-10-08,M,92,CHATEAU,RD,CONNELLAN,NT,0873,AUS,70201104808,70000880000,133.91533986,-23.76629045,0491570159,0755500937,0770104994,robkl.beirnexy@his4ehr.com,52730014051,,,175,65,70,88,M,4,2011-05-04
20173,10770,301382,,,,,8003609903582144,HABISST,ALONZOYZ,1966-10-05,M,9,CRUSH,ST,FANNIE BAY,NT,0820,AUS,70102102503,70011210000,130.84368071,-12.42686512,0491570159,0755500196,0770105224,alonzoyz.habisst@his4ehr.com,53471798213,,,176,72,79,77,S,4,
20174,10774,306273,,,,,8003609903592333,EDGARQR,SHANNONEF,1958-10-07,F,22156,STUART,HWY,DAVENPORT,NT,0872,AUS,70104104301,70024880000,133.89707189,-21.53407967,0491570159,0755508797,0770105369,shannonef.edgarqr@his4ehr.com,50290072775,,,162,83,79,103,M,4,
20175,10779,301554,,,,,8003609903582490,TICKNERGH,FLORENTINANO,1957-10-07,F,9,BREMER,ST,LUDMILLA,NT,0820,AUS,70103103402,70021130000,130.85093571,-12.42846312,0491570158,0755508480,0770108602,florentinano.ticknergh@his4ehr.com,54520666442,,,168,61,65,91,S,4,
20176,10784,308417,,,,,8003609903596847,MACDONALDJK,JACQUELINEDE,1944-10-10,F,29,LIMMEN,ST,WAGAMAN,NT,0810,AUS,70201104912,70016388500,130.88219272,-12.38011545,0491570158,0755502781,0770102177,jacquelinede.macdonaldjk@his4ehr.com,54158538521,,,160,49,53,45,M,4,
20177,10789,,,,,,,SURAWSKINO,RICHARDIJ,2017-09-22,M,,NUMBULWAR,RD,NUMBULWAR,NT,0822,AUS,70205106610,70022240000,135.718028,-14.26916386,0491570158,0755508362,0770105444,richardij.surawskino@his4ehr.com,56720322111,,,114,26.8,59,62,S,4,
20178,10793,300301,,,,,8003609903579876,OEKINGHAUSKL,RYANBC,1965-12-07,F,21497,SANDOVER,HWY,SANDOVER,NT,0872,AUS,70201105202,70035100000,135.21005683,-21.74478551,0491570157,0755504109,0770105330,ryanbc.oekinghauskl@his4ehr.com,52930457161,,,158,58,64,89,W,4,
20179,10797,302869,,,,,8003609903585253,BILICNO,COURTNEYWX,1977-10-02,F,14160,BUNTINE,HWY,GURINDJI,NT,0852,AUS,70201104701,70000750000,130.9398756,-17.85076849,0491570159,0755505360,0770107641,courtneywx.bilicno@his4ehr.com,53043010031,,,170,90,97,114,M,4,
20180,10802,307667,,,,,8003609903595278,STONEHAMFG,PATRICIARS,1958-12-06,F,14,NDHALA,CL,GUNN,NT,0832,AUS,70103103405,70021120000,130.9904947,-12.48761512,0491570156,0755508982,0770109279,patriciars.stonehamfg@his4ehr.com,57710218973,,,161,83,91,117,M,4,
20181,10807,301836,8003609903580072,,,,8003609903583084,DAVISJK,VICKYMN,1959-10-07,F,,CHANNEL ISLAND,RD,ARCHER,NT,0830,AUS,70204106318,73785000000,130.98174969,-12.53267983,0491570156,0755503591,0770106048,vickymn.davisjk@his4ehr.com,58419172513,,,147,70,69,77,S,4,
20182,10812,305217,,,,,8003609903590113,CICCONEFG,FRANKEF,1947-10-10,M,20,COLLINS,RD,URALLA,NT,0852,AUS,70104104316,70016406300,132.30744616,-14.48514958,0491570158,0755509070,0770109189,frankef.cicconefg@his4ehr.com,56472965024,,,169,79,83,107,D,4,
20183,10816,304358,8003609903580114,,,,8003609903588299,REMEDIOKL,MICHAELPQ,1961-10-06,M,11,GLYDE,CT,LEANYER,NT,0812,AUS,70103103301,70019830000,130.89925471,-12.36881512,0491570159,0755505899,0770105743,michaelpq.remediokl@his4ehr.com,54837370524,,,165,63,62,65,M,4,
20184,10821,303905,8003609903580155,,,,8003609903587358,MCDONALDAB,ASHLEYQR,1947-10-10,M,340,EMUNGALAN,RD,EMUNGALAN,NT,0850,AUS,70205106724,70018790000,132.2703155,-14.4335305,0491570158,0755501315,0770105394,ashleyqr.mcdonaldab@his4ehr.com,53769097263,,,168,71,71,85,M,4,
20185,10826,,,10000,,,,BAKERRS (WONG),ALISONST,1969-10-04,F,10,SHOOBRIDGE,ST,MILLNER,NT,0810,AUS,70102102802,70013150000,130.85743197,-12.39434435,0491570157,0755507122,0770108980,arthurlm.millaryz@his4ehr.com,54248613771,SSS77761D,WHT,167,52,52,64,M,4,
20186,10831,308567,,,,,8003609903597159,PATERSONRS,DAVIDQR,1940-10-11,M,,DARIBAH,RD,BRINKIN,NT,0810,AUS,70103103213,70021060000,130.86780608,-12.36364089,0491570158,0755503924,0770105959,davidqr.patersonrs@his4ehr.com,53752753321,,,180,76,88,79,S,4,
20187,10836,,8003609903580189,10029,,,,SUSAKST-VAN DEN BERG,RACHELLEAB,1977-10-02,F,47,PROVIDENCE,CCT,NHULUNBUY,NT,0880,AUS,70201105207,70003270000,136.77895708,-12.17791854,0491570159,0755507601,0770102372,walterqr.campbellij@his4ehr.com,50684061433,,,162,101,111,231,S,4,2019-12-17
20188,10840,303990,8003609903580221,,,,8003609903587549,NAYLORST,AARONMN,1978-10-02,M,8555,KINTORE,RD,LAKE MACKAY,NT,0872,AUS,70102101006,70036190000,130.57338107,-23.59319136,0491570157,0755509481,0770101874,aaronmn.naylorst@his4ehr.com,52111666261,,,175,78,83,98,M,4,
20189,10844,303645,,,,,8003609903586814,GADENNO,ANDREWNO,1971-10-04,M,63,NOLTENIUS,CCT,GRAY,NT,0830,AUS,70103103101,70020170000,130.9869687,-12.49292612,0491570159,0755509246,0770100450,andrewno.gadenno@his4ehr.com,51316006812,,,191,86,101,98,M,4,
20190,10849,306380,,,,,8003609903592556,BALDOCKDE,HAZELYZ,1965-10-05,F,115,ASCHE,ST,MUIRHEAD,NT,0810,AUS,70203105803,70028050000,130.89256414,-12.3564365,0491570157,0755508263,0770109811,hazelyz.baldockde@his4ehr.com,55410166625,,,168,101,110,132,M,4,
20191,10854,,8003609903580262,,,,8003609903580262,TICKNERVW,KATEAB,1941-10-11,F,20,HABLETT,CR,GILLEN,NT,0870,AUS,70201104707,70001500000,133.86547548,-23.70563813,0491570159,0755504421,0770107595,kateab.ticknervw@his4ehr.com,59946939634,,,156,44.7,48,60,S,4,
20192,10859,309708,,,,,8003609903599536,WALLGH,ALBERTFG,1941-10-10,M,4,KURRINGAL,CT,FANNIE BAY,NT,0820,AUS,70104104217,73798000000,130.83907186,-12.42394552,0491570158,0755505581,0770101836,albertfg.wallgh@his4ehr.com,59108258074,,,184,85,95,97,M,4,
20193,10864,308395,,,,,8003609903596797,NUGGETTBC,TRACYWX,1947-10-10,F,805,FLORINA,RD,COSSACK,NT,0850,AUS,70102101207,70037010000,132.18744287,-14.5197914,0491570158,0755502811,0770101150,tracywx.nuggettbc@his4ehr.com,54928248212,,,168,60,67,77,S,4,
20194,10869,308845,,,,,8003609903597761,SPENDLOVEAB,JAMESYZ,1950-10-09,M,4,LINKS,RD,MARRARA,NT,0812,AUS,70101100401,70007240000,130.89623336,-12.39619635,0491570157,0755500551,0770107993,jamesyz.spendloveab@his4ehr.com,51299298354,,,177,80,87,94,M,4,
20195,10874,308245,,,,,8003609903596466,ELENITSASVW,EUGENIOYZ,1977-10-02,M,2,KURRINGAL,CT,FANNIE BAY,NT,0820,AUS,70201104819,70001030000,130.84096068,-12.42384769,0491570158,0755503636,0770102709,eugenioyz.elenitsasvw@his4ehr.com,56775999121,,,179,79,83,83,M,4,
20196,10879,307193,,,,,8003609903594255,JONESEF,KATHLEENKL,1947-10-10,F,4,MALAY,RD,WAGAMAN,NT,0810,AUS,70201104907,70002820000,130.88385793,-12.38430922,0491570110,0755508314,0770106676,kathleenkl.jonesef@his4ehr.com,59665727172,SP637920E,ORN,160,77,87,127,D,4,
20197,10884,,,,,,,WALLACEFG,BONNIEVW,2022-09-21,F,38,MEMORIAL,AV,GILLEN,NT,0870,AUS,70201104704,70001050000,133.8645376,-23.70684285,0491570110,0755503070,0770107868,bonnievw.wallacefg@his4ehr.com,51001063844,,,73,9.6,37,56,S,4,
20198,10888,306935,8003609903580296,,,,8003609903593729,WATSONQR,JACKIEGH,1948-10-09,F,17,ARALIA,ST,NIGHTCLIFF,NT,0810,AUS,70101100206,70006340000,130.84358771,-12.38091412,0491570158,0755501777,0770103617,jackiegh.watsonqr@his4ehr.com,52638748973,,,161,79,85,95,M,4,
20199,10892,,,,,,,PEARCEST,MADELINEYZ,1996-09-27,F,1020,ILPARPA,RD,WHITE GUMS,NT,0870,AUS,70201105103,70016412000,133.77302976,-23.75473469,0491570156,0755506217,0770105669,madelineyz.pearcest@his4ehr.com,50733312853,,,160,74.3,84,131,S,4,
20200,10897,305540,,,,,8003609903590774,FORDFG,NATHANBC,1970-10-03,M,39,LYDIA DORA,RD,AREYONGA,NT,0872,AUS,70104104404,70024490000,132.27114849,-24.07434259,0491570157,0755500971,0770104903,nathanbc.fordfg@his4ehr.com,59512268864,,,175,84,86,71,D,4,
20201,10901,,8003609903580320,,,,8003609903580320,BOESXY,CLARENCEQR,1957-10-07,M,28,AWANGK,ST,CANTEEN CREEK,NT,0872,AUS,70202105505,70032250000,135.58823316,-20.64524778,0491570110,0755507116,0770101133,clarenceqr.boesxy@his4ehr.com,51061605652,,,173,62.1,63,69,M,4,
20202,10906,309403,,,,,8003609903598900,MITITU,CRYSTALIJ,1956-10-07,F,8,ARAFURA,CT,RAPID CREEK,NT,0810,AUS,70104103601,70022770000,130.85509798,-12.37682955,0491570158,0755502011,0770102151,crystalij.mititu@his4ehr.com,50377207523,,,161,97,108,139,W,4,
20203,10911,,,,,,,NOGASKIRS,TOMMYOP,2006-09-25,M,117,EUCALYPTUS,RD,HERBERT,NT,0836,AUS,70103103221,70020462000,131.17731899,-12.54185301,0491570157,0755504696,0770107143,tommyop.nogaskirs@his4ehr.com,52836649712,,,170,52.4,70,72,S,4,
20204,10916,305367,,,,,8003609903590410,CURTISHI,RYANWX,1956-10-07,U,13A,VERBENA,ST,NIGHTCLIFF,NT,0810,AUS,70204106318,73785000000,130.85054971,-12.38466112,0491570158,0755505725,0770101913,ryanwx.curtishi@his4ehr.com,57135615575,,,173,73,72,65,M,4,
20205,10921,,,,,,,WILLISWX,SHIRLEYCD,1953-10-08,F,34,HILDA,ST,TENNANT CREEK,NT,0860,AUS,70202105614,70032126000,134.1988482,-19.64827655,0491570157,0755507636,0770100107,shirleycd.williswx@his4ehr.com,52542505451,,,156,81.5,85,96,S,4,
20206,10925,,,,,,,ALPENQR,WENDYVW,1964-10-05,F,6,CAREY,ST,DARWIN CITY,NT,0800,AUS,70101100220,70016404200,130.84633067,-12.45972972,0491570156,0755501373,0770107641,wendyvw.alpenqr@his4ehr.com,58167972154,,,162,61.6,65,68,D,4,
20207,10930,300108,,,,,8003609903579454,CLARKEDE,WILLIAMQR,1952-12-09,M,33,ARALIA,ST,NIGHTCLIFF,NT,0810,AUS,70102102510,70010850000,130.84593571,-12.38053512,0491570157,0755501512,0770109776,williamqr.clarkede@his4ehr.com,54354179052,,,163,82,74,71,M,4,
20208,10934,306100,,,,,8003609903591954,ENSORTU,NEILRS,1945-10-12,M,139,MITCHELL,ST,LARRAKEYAH,NT,0820,AUS,70201104604,70002630000,130.83222529,-12.45610111,0491570156,0755503506,0770107302,neilrs.ensortu@his4ehr.com,56118145344,,,173,72,86,74,M,4,
20209,10939,304939,,,,,8003609903589529,GESTOSPQ,JONATHANEF,1943-10-11,U,37,MARDANGO,CR,BATCHELOR,NT,0845,AUS,70202105612,70031950000,131.0313417,-13.04556013,0491570158,0755508494,0770101836,jonathanef.gestospq@his4ehr.com,54455433545,,,175,88,96,110,S,4,
20210,10943,304466,8003609903580353,,,,8003609903588513,BELLINGHAMFG,CLARENCEST,1969-10-04,M,40,METCALFE,RD,HUMPTY DOO,NT,0836,AUS,70104103706,70022990000,131.10459878,-12.55871469,0491570110,0755503815,0770109900,clarencest.bellinghamfg@his4ehr.com,52177551744,SSS54912A,WHT,188,71,75,77,M,4,
20211,10948,307473,8003609903580395,,,,8003609903594867,ROBARTSONBC,PAMELABC,1978-10-02,F,266,LARAPINTA,DR,ARALUEN,NT,0870,AUS,70102101104,70005660000,133.84219512,-23.69721977,0491570158,0755503213,0770106909,pamelabc.robartsonbc@his4ehr.com,52703041035,,,156,62,63,81,M,4,
20212,10952,,,,10014,,,TSANGUV,BILLLM,1995-09-28,M,18,ANNEAR,CT,STUART PARK,NT,0820,AUS,70104103901,70023610000,130.85017587,-12.44742783,0491570158,0755503092,0770108212,lutheruv.edwardsyz@his4ehr.com,56053704852,,,175,78,89,84,M,4,
20213,10956,303819,,,,,8003609903587176,TODDAB,TRACYCD,1975-11-03,F,23,GEORGE,CR,CICCONE,NT,0870,AUS,70102101906,70007740000,133.87603846,-23.70043175,0491570159,0755500038,0770108430,tracycd.toddab@his4ehr.com,51984302464,,,162,67,70,81,M,1,
20214,10960,309511,,,,,8003609903599130,MANNASPQ,THOMASIJ,1956-10-07,M,79,LACKMAN,TCE,BRAITLING,NT,0870,AUS,70103103115,70020542000,133.86383577,-23.67981867,0491570110,0755509503,0770101680,thomasij.mannaspq@his4ehr.com,54093772973,,,184,79,89,98,D,4,
20215,10964,,,,,,,HAMBLINKL,ALANPQ,1953-10-08,M,14,NEWHAM,CCT,TINDAL,NT,0853,AUS,70205106717,70018690000,132.39844675,-14.4967663,0491570158,0755502624,0770106429,alanpq.hamblinkl@his4ehr.com,52080796112,,,168,86.8,87,106,S,4,
20216,10969,301188,,,,,8003609903581740,NORRISST,CRAIGST,1946-10-10,M,111,LACKMAN,TCE,BRAITLING,NT,0870,AUS,70102102803,70013140000,133.86499399,-23.67654855,0491570110,0755505265,0770100861,craigst.norrisst@his4ehr.com,50096446652,,,163,59,60,63,S,4,
20217,10974,,8003609903580429,,,,8003609903580429,CONNOLLYXY,ESTHERFG,1942-10-11,F,70,NOLAN,RD,LAMBELLS LAGOON,NT,0822,AUS,70103103224,70021192000,131.18559533,-12.57177741,0491570159,0755506731,0770104746,estherfg.connollyxy@his4ehr.com,50841786952,,,165,73.0,82,100,M,4,
20218,10979,306164,,,,,8003609903592093,HANSENTU,CAROLINEFG,1947-10-10,F,5,LILLIPILLI,CL,NHULUNBUY,NT,0880,AUS,70205106811,70016403200,136.77111278,-12.1750312,0491570156,0755504064,0770104205,carolinefg.hansentu@his4ehr.com,56283664833,,,159,79,84,118,M,1,
20219,10983,302245,8003609903580460,,,,8003609903583969,MICCOLIHI,KRISTINAOP,1943-10-11,F,52,LANYON,TCE,MOIL,NT,0810,AUS,70102101306,70010550000,130.87969484,-12.38667379,0491570159,0755506314,0770109290,kristinaop.miccolihi@his4ehr.com,51024675215,,,159,67,71,99,M,4,
20220,10987,305475,,,,,8003609903590634,HEMELAARCD,MICHAELRS,1971-10-04,M,15,HODGE,ST,JOHNSTON,NT,0832,AUS,70104104206,70016411000,131.00572976,-12.4889624,0491570156,0755501844,0770107925,michaelrs.hemelaarcd@his4ehr.com,57139108435,,,187,79,79,99,W,4,
20221,10992,306529,,,,,8003609903592895,KLEINDE,WADECD,1970-10-04,M,9,KULGERA,CR,GHAN,NT,0872,AUS,70101100909,70005950000,133.29960525,-25.83775166,0491570158,0755509440,0770101110,wadecd.kleinde@his4ehr.com,50738779031,,,172,80,77,77,M,4,
20222,10996,,,,,,,SAMPSONMN,JAMIELM,1941-10-11,M,27,CLARA,CT,THE GAP,NT,0870,AUS,70201104907,70002820000,133.87256482,-23.71370614,0491570110,0755501045,0770100604,jamielm.sampsonmn@his4ehr.com,55615273851,,,175,65.8,71,71,M,4,
